word	count
blowjob	3104
natural.tits	2994
hd	3307
doggy.style	2045
cowgirl	1650
1080p	2899
reverse.cowgirl	1402
missionary	1417
cunnilingus	1040
small.tits	1703
latina	154
full.hd	411
oil	363
small.natural.tits	362
60.fps	272
pussy.fingering	128
2018	142
pov.doggy.style	40
oiled.tits	32
oiled.ass	55
lubed.com	86
brunette	2208
anal	1278
oral	1086
mp4	1382
fetish	2524
high.heels	721
interracial	737
milf	168
creampie	751
ass.to.mouth	401
cum.swallowing	389
long.hair	360
white.female.black.male	445
hairy.pussy	235
big.black.cock	393
pierced.belly.button	219
skinny	260
tease	410
slim	153
vaginal.sex	85
thong	111
denim.shorts	40
gloryhole	80
dogfartnetwork.com	116
tease.and.denial	238
multiple.creampies	67
no.tattoos	21
gloryhole.com	25
1on1	1638
straight	1615
720p	2104
deepthroat	960
big.cock	403
tanlines	162
evilangel.com	79
fishnet.stockings	50
black.stockings	36
sex.on.sofa	58
big.white.cock	43
ariana.marie	66
facial	1360
masturbation	1003
amateur	753
femdom	1567
short.hair	161
humiliation	723
no.sex	219
manyvids.com	340
non.nude	416
cuckold	468
femdom.pov	187
cum.cleaning	58
2016	28
cum.eating.instructions	197
aj.jupiter	17
hardcore	2598
blonde	1941
cumshot	1211
teen	1316
petite	924
sideways	325
ball.sucking	295
face.fuck	319
black	49
pale	366
shoes.on	150
choker	120
huge.cock	43
hardx.com	21
mandingo	36
lily.rader	121
xempire.com	16
cum.in.mouth	874
no.condom	422
2on1	39
abella.danger	37
verbal.humiliation	114
flash.brown	25
cuckoldsessions.com	49
jax.slayher	44
feet	529
foot.fetish	502
toe.sucking	99
jason.brown	35
footfetishdaily.com	47
shaved	1507
tattoo	976
fingering	821
stockings	846
kissing	301
bubble.butt	260
pigtails	145
pierced.tongue	67
stand.and.carry	53
19.years.old	40
isiah.maxwell	51
hannah.hays	31
handjob	901
uncircumcised.cock	192
pussy.rubbing	119
breast.play	23
manuel.ferrara	18
jillian.janson	32
lesbian	459
bdsm	577
bondage	436
hitachi.magic.wand	294
spanking	197
strap.on	367
fisting	94
rope.bondage	106
anal.fisting	66
heavily.tattooed	21
lezdom	50
flogging	50
suspension	23
cage	17
whippedass.com	18
charlotte.sartre	60
open.mouth.facial	342
homemade	147
cum.on.pussy	151
male.completion	160
compilation	83
multiple.cumshots	95
cumshot.compilation	18
hotwife	30
solo	1067
pov	1239
barefoot	379
jerk.off.instruction	639
2017	107
legs	180
soles	190
painted.toenails	76
toes	87
foot.domination	52
oiled.feet	15
all.girl	236
clips4sale.com	894
foot.worship	274
foot.licking	135
sasha.foxxx	40
dildo	540
some.pov	226
large.labia	70
large.labia.minora	26
povd.com	41
pink.panties	27
big.tits	814
big.ass	498
trimmed	655
mature	60
ass.worship	301
domination	291
smoking	54
submission	228
goddess.worship	281
cum.countdown	92
ass.fetish	97
pussy.closeup	31
pussy.worship	80
asshole.fetish	36
meanbitches.com	24
redhead	526
fake.tits	451
chubby	17
phat.ass.white.girl	94
boots	201
outdoor	202
ffm	275
female.on.female.cunnilingus	162
gonzo	58
girl.girl	79
female.on.male.face.sitting	98
mmff	19
nubiles.net	48
x265.reencode	46
piper.perri	29
gina.valentina	17
haley.reed	43
bikini	153
2.girl.blowjob	74
smooth.shaved.pussy	121
female.kissing.female	54
fucking.after.cumshot	57
booty.shaking	60
puke	19
wet.hair	38
nose.ring	26
braided.pigtails	19
female.rimming.female	132
tribbing	61
tit.sucking	44
scissoring	26
squirting	190
buttplug	143
cosplay	64
mia.rand	27
medium.tits	241
se7enseas	184
high.heels.stay.on	99
striptease	107
medium.natural.tits	72
panties.on	74
sex.on.bed	45
brothalovers.com	26
pussy.to.other.girls.mouth	36
big.natural.tits	253
hairy	189
curvy	62
thick	48
voluptuous	27
myfreecams.com	117
pregnant	45
moaning	38
hairy.armpits	38
cum.begging	42
threesome	457
mkv	24
clothed.female.naked.male	102
bisexual	87
summer.day	22
lance.hart	32
lingerie	542
vibrator	231
orgasm	150
solo.masturbation	84
female.orgasm	100
pussy.spreading	57
flexible	42
ftvgirls.com	70
erotic	17
vegetable.play	19
standing.doggy	353
incest	331
pov.blowjob	234
eye.contact	178
step.sister	60
step.brother	38
2018.may	17
bangbros.com	44
white	95
small.ass	85
riding	51
pornstar	36
marley.brinx	22
m2f.cunnilingus	290
socks	266
over.knee.socks	82
passion-hd.com	67
mofos.com	73
h.264	56
iknowthatgirl.com	20
no.anal	34
toys	492
picset	188
clit.rubbing	116
public	57
outie.pussy	55
public.nudity	46
orgy	133
other	84
audio	97
audio.only	105
asmr	33
massage	188
wife	30
fantasymassage.com	21
nude	226
sensual	23
patreon	17
cum.on.tits	143
indoor	263
piercings	204
realitykings.com	77
athletic.body	73
bedroom	55
dirty.talk	270
tiny.tits	202
braces	50
panties.down	34
cameltoe	26
spizoo.com	23
collar	89
dildo.sucking	50
daddy.talk	86
pussy.to.mouth	271
pierced.nipples	128
double.blowjob	69
cum.swapping	81
foursome	49
garter.belt	84
plaid.skirt	66
shared.facial	25
titfuck	120
flashing	37
480p	275
incest.roleplay	180
costume	24
18.years.old	81
glass.dildo	39
glasses	190
webcam	109
blue.eyes	149
neon.hair	80
fucking.machine	45
ginger	25
cam.model	15
panties.to.side	84
pink	40
white.panties	19
smooth.pussy	22
pov.only	67
tight.dress	22
topless	39
fake.cum	88
fake.cumshot	17
asian	132
japanese	53
pantyhose	225
closeup	164
inthecrack.com	41
softcore	297
dominatrix	209
mindfuck	196
tit.worship	76
mesmerize	135
brat.girls	165
brat	125
brainwash	99
cock.tease	69
sensual.domination	63
virgin	21
tit.fetish	27
body.worship	20
spit.roast	100
double.vaginal.penetration	17
cum.eating	157
cum.licking	23
gangbangcreampie.com	47
riley.reyes	46
69	210
male.rimming.female	196
bed	139
maid	29
white.stockings	18
anal.reverse.cowgirl	150
anal.dildo	140
female.on.female.face.sitting	65
anal.sideways	79
bodystocking	29
black.hair	150
rough.sex	133
moderately.tattooed	48
drooling	46
sloppy.blowjob	40
spitting	45
cheerleader	32
goth	20
footjob	273
soles.up.cowgirl	17
x265	92
h.265	61
gagging	162
blowjob.only	67
hair.pulling	98
cum.on.glasses	16
tali.dova	37
double.penetration	200
anal.doggy	222
mick.blue	31
mia.malkova	73
markus.dupree	19
kink.com	244
choking	96
multiple.facials	28
blowbang	52
blindfold	42
slapping	44
restraint	23
john.strong	17
tommy.pistol	18
owen.gray	31
audrey.holiday	16
rimming	474
gape	187
cum.on.ass	137
female.rimming.male	142
anal.gape	114
anal.missionary	147
anal.cowgirl	94
russian	97
wet	38
sexyhub.com	17
massagerooms.com	24
gangbang	180
behind.the.scenes	36
gokkun	27
cum.drinking	18
creampie.gangbang	20
images	184
piss	99
anal.creampie	124
siterip	45
piss.in.mouth	17
female.completion	320
prone.bone	234
female.masturbation	54
kneeling.blowjob	24
netvideogirls.com	29
big.areolas	32
panties	163
bra	39
big.dildo	23
bad.dragon.dildo	55
jeri.lynn	27
blowjob.after.cumshot	103
ponytail	153
handjob.to.completion	108
cum.on.tongue	62
oral.creampie	64
blowjob.to.completion	36
leggings	78
multiple.blowjobs	15
camgirl	44
mmf	165
sexuallybroken.com	23
standing.69	17
interracialpass.com	34
shae.celestine	15
piledriver	53
living.room	24
riley.reid	82
nat.turnher	15
blackedraw.com	28
jason.luv	16
lightly.tattooed	140
couch	113
chris.strokes	27
fake.creampie	71
elsa.jean	65
brother.sister	64
gripping.pussy	40
interview	66
cum.play	45
ass.smacking	26
brown.eyes	23
grool	20
sneakers	53
prince.yahshua	26
amateurallure.com	28
spooning	214
black.cock	19
pussy.juice	99
sd	451
stand.up.fuck	39
gym	25
teamskeet.com	57
teenpies.com	16
ddfnetwork.com	27
medium.ass	25
leg.fetish	59
hotlegsandfeet.com	25
dildo.play	16
cheating	89
meana.wolf	27
toy.in.ass	115
chaturbate.com	63
bottomless	77
x264	39
miniskirt	28
dress	50
newsensations.com	33
nubiles-porn.com	19
tera.link	15
cum.on.stomach	99
shower	98
nurumassage.com	19
riley.reynolds	38
knee.high.boots	81
leather	45
financial.domination	109
small.penis.humiliation	95
long.legs	27
humiliatrix	39
teaseandthankyou.com	27
male.chastity	27
throatfucking	45
anal.fingering	254
upskirt	55
ftv	33
public.flashing	19
oral.only	17
ramon.nomar	23
work.fantasies	24
no.cumshot	34
breath.play	15
fondling	22
standing.missionary	33
tanned	21
spanish	21
ass.spreading	52
dildo.fucking	46
spinner	17
bill.bailey	15
bra.on	51
dildo.deepthroat	28
premium	23
sloppy.seconds	30
creampie.eating	39
anal.prone.bone	22
multiple.orgasms	28
pov.missionary	56
under.knee.socks	104
pierced.nose	23
handjob.only	40
jmac	21
caucasian	63
small.nipples	28
hypnosis	212
fdhypno	223
sissy	182
mp3	119
feminization	96
sissy.training	78
sissyfication	21
mistress.stella	28
vixen.com	30
leash	37
giselle.palmer	21
sissy.hypnosis	41
addiction	16
cum.on.feet	147
older.male.younger.female	32
step.incest	40
european	310
schoolgirl	106
american	105
uniform	35
office	29
skirt	51
innie.pussy	67
couples.fantasies	28
babes.com	33
teacher	24
danny.mountain	17
elena.koshka	47
mike.adriano	37
gloves	83
julesjordan.com	23
all.up.close	21
daisy.stone	18
jerk.off.encouragement	196
masturbation.instruction	144
princess.rene	92
jav	43
censored	38
face.sitting	295
slave	117
mmmf	25
edging	117
dildo.riding	28
21sextury.com	48
footsiebabes.com	28
quinn.wilde	22
electric.play	33
ella.nova	49
slave.training	93
zoey.monroe	18
big.fake.tits	86
puffy.nipples	65
all.anal	35
spit	67
painted.fingernails	42
yoga	37
school.uniform	22
hands.in.panties	16
alex.coal	16
rob.piper	18
ricky.johnson	17
tall	65
green.eyes	33
mega.pack	54
lower.back.tattoo	24
ass.to.pussy	35
re.encoded	77
enema	45
speculum	38
adriana.chechik	28
chanel.preston	34
aj.applegate	19
casey.calvert	46
dirty.anal	21
kristina.rose	18
jynx.maze	15
lily.labeau	19
natalia.starr	27
melissa.moore	24
adria.rae	26
mandy.muse	22
lena.paul	23
joseline.kelly	31
blair.williams	18
chloe.couture	37
chloe.cherry	36
naomi.woods	27
carolina.sweets	26
harley.jade	20
rebel.lynn	19
anastasia.rose	32
alex.harper	30
holed.com	19
bodysuit	16
aspen.ora	31
dancing	29
split.scenes	63
anal.spooning	18
older.younger	57
stepmother	15
cum.kiss	43
cock.sharing	16
fuck.and.lick	15
caught	15
condom	149
sex.in.car	20
gay	71
sexy.feet	18
ayn.marie	15
ball.gag	114
nipple.clamps	57
fishnets	146
tushy.com	39
first.anal	28
ryan.madison	21
teenfidelity.com	29
rachel.james	15
cleavage	116
mental.domination	37
humiliationpov.com	29
dark.hair	35
pov.cowgirl	25
pov.reverse.cowgirl	22
clit.stimulation	29
chastity	267
shiny	38
orgasm.denial	44
aiden.starr	17
hoop.earrings	55
2018.april	29
letstryanal.com	17
teenslovehugecocks.com	23
ass.to.other.girls.mouth	43
nipple.play	18
licking	34
solo.only	28
pretty.face	20
lip.fetish	18
puffy.lips	15
angel.smalls	16
paysite	90
sexandsubmission.com	31
540p	194
latex	198
everythingbutt.com	32
reverse.gangbang	19
dolly.leigh	20
shoes	38
g-string	22
fffm	38
sean.michaels	17
tiffany.watson	17
prolapse	19
doctor	22
anal.stretching	18
ass.sniffing	16
painal	49
assylum.com	21
rough	59
voyeur	30
workout	18
orgasm.control	115
misha.cross	16
klixen	18
precum	20
booty.shorts	33
spandex	41
ashley.alban	41
rope	23
skylar.snow	20
femdomempire.com	252
chastity.cage	40
pegging	240
crossdressing	54
strap.on.blowjob	16
corset	79
lana.rhoades	29
posing	28
yoga.pants	72
sports.bra	20
viennese.oyster	41
sweat	20
face.slapping	32
the.rat.bastards	96
maxrat	50
denim.pants	21
brazzers.com	88
big.tits.worship	16
taboo	101
partially.clothed	45
father.daughter	57
family.therapy	34
daddy	23
bound	33
lube	27
iwantclips.com	33
british	73
freeleech	116
pool	40
anal.viennese.oyster	22
huge.cumshot	18
stella.cox	41
ripped.pantyhose	15
blacksonblondes.com	39
czech	78
bukkake	49
xander.corvus	36
supine.blowjob	42
tied	52
ballbusting	39
anal.piledriver	19
footjob.to.completion	32
necklace	44
andi.rye	15
thigh.high.boots	55
lady.dee	24
maya.kendrick	27
clothespins	22
thetrainingofo.com	40
darkx.com	20
kristen.scott	32
roleplay	167
corporal.punishment	24
standing.anal	16
mistress	38
jean.val.jean	16
sloppy	30
poolside	24
hair.bun	23
eastern.european	102
slender	25
bigwetbutts.com	19
sybian	31
cadence.lux	28
mona.wales	34
theupperfloor.com	35
kimmy.granger	27
medical	22
clothed	32
red.nails	27
flat.chest	57
ass.tease	21
bathroom	40
smiling	20
small.cock	15
virtual.sex	32
young.female	23
innocent	23
braids	26
dildo.blowjob	18
anal.play	139
fuckingmachines.com	28
cock.and.ball.torture	84
smothering	26
prostate.massage	28
male.sub	36
divinebitches.com	48
penny.pax	31
standing.sideways	28
images.only	47
landing.strip	17
virtual.blowjob	15
keisha.grey	16
cuckold.pov	15
slow.motion	15
male.cum.eating	45
reluctant	15
pussy.pump	28
discipline	17
airtight	31
3on1	18
johnny.castle	15
2160p	30
ultra.hd	22
joi.games	16
catsuit	16
james.deen	35
marcelo	18
paula.shy	17
trance	67
erotic.audio	29
audio.files	25
polish	22
twistys.com	15
double.dildo	18
xev.bellringer	19
576p	15
all.natural	42
instructional	46
pink.hair	27
joi.encouragement	42
girlfriend.experience	19
30.fps	27
casting	45
bondage.male	18
exploitedcollegegirls.com	23
mistress.t	19
alt	26
maledom	24
dyed.hair	19
woodmancastingx.com	15
step.daughter	38
earrings	33
messy.makeup	17
triple.blowjob	15
sub.training	42
step.father	26
transsexual	269
shemale.on.female	38
missalice.94	26
shemale	234
hormone.tits	61
shemale.on.shemale	45
casey.kisses	23
natalie.mars	45
female.on.shemale	24
pvc	15
trap	20
double.anal.penetration	50
anal.beads	23
blackmail	38
wrinkled.soles	16
anal.masturbation	30
nurse	41
shemale.on.male	32
mother.son	22
barebackstudios.com	18
swimsuit	24
bimbo	30
pussy.slide	26
couple	15
young	52
goddess.rodea	21
leg.worship	15
blacked.com	94
bald.pussy	30
perky.tits	15
manyvids.vip	41
rape.roleplay	41
daughter	54
taboo.roleplay	17
panty.fetish	44
sister	78
hd-mp4	33
brother	31
mother	26
kitchen	24
mind.control	78
female.to.female.69	19
handcuffs	25
forced	36
lipstick	21
impregnation	17
worship	34
latex.gloves	18
cotton.panties	23
anal.play.instruction	36
legalporno.com	63
nubilefilms.com	29
wmv	149
amadahy	76
ruined.orgasm	91
sissification	83
forced.bi	172
cock.worship	55
coerced.bi	22
princessberpl	28
princess.berpl	28
verbal.abuse	18
brittany.marie	23
asshole	15
red.lipstick	15
kendra.sunderland	21
blacked	20
dredd	19
girlsdoporn.com	32
naughtyamerica.com	35
black.lingerie	17
pierced.clit	17
pet.play	18
single.scene	23
elektra.rose	15
riley.star	20
lyra.law	23
violet.doll	36
50.fps	26
erik.everhard	15
anal.creampie.eating	29
group	30
larkin.love	15
forced.orgasm	75
pain	31
metart.com	34
hd-wmv	26
forced.cum.eating	29
milking	69
dp.with.toys	22
curly.hair	18
fleshlight	18
training	21
transformation	19
denial	48
lexi.sindel	34
mov	17
ceara.lynch	17
lindsey.leigh	29
bath	51
kimberly.brix	23
short	18
firebush	17
sci-fi	16
bailey.brooke	32
parody	17
egg.laying	15
horse.dildo	21
cum.while.fucked	25
rico.strong	31
diaper	26
sidecut	20
abdl	17
cumeatingcuckolds.com	40
haylee.love	15
porn.music.video	119
lactation	22
whipping	61
jojo.kiss	21
phone	18
kink	33
mask	16
punishment	17
trillium	34
tiny4k.com	36
chad.white	16
jwties	17
fantasyhd.com	15
jerilynn	17
ashley.fires	20
milk	15
huge.dildo	22
crying	18
goddess.canna	22
gina.gerson	18
canna	15
goddess	53
jerk.off	17
foot.humiliation	22
armpit	24
kinkbomb.com	21
wowgirls.com	32
bruce.venture	16
bratprincess.us	138
sara.luvv	21
lola	16
jenna.ivory	37
hope.harper	19
cameron.dee	19
alexa.rydell	31
self.facial	22
hands.free.orgasm	29
hfo	28
oil.massage	16
hypnodomme	22
femdom.hypnosis	17
leg.warmers	16
freckles	48
amateurcreampies.com	16
proxy.paige	15
vaginal.creampie.eating	22
emma.mae	19
nicole.aniston	19
alli.rae	19
jodi.taylor	25
ass.smothering	32
deviant.kade	18
avi	15
kathia.nobili	15
upshot	24
natalia.grey	17
nancy.a	22
lauren.phillips	16
bratty.bunny	29
amethyst	22
male.on.shemale	80
ukrainian	23
foot.smelling	40
foot.play	18
foot.slave.training	27
shoe.worship	15
english.language	20
anya.olsen	16
atkgirlfriends.com	31
valentina.nappi	23
tina.kay	19
sydney.cole	26
alice.march	15
charlotte.stokely	19
audition	20
cum.in.ass	15
assylum	18
kristina.bell	18
chloe.toy	21
pornpros.com	32
alice.green	29
games.apps	44
futanari	33
comic	36
lustomic.com	16
wrestling	16
abuse	17
furry	17
lilcanadiangirl	23
hentai	28
castingcouch-x.com	28
colette.com	25
wowporn.com	20
alsscan.com	22
alexa.grace	38
masseur	38
caning	30
kate.england	18
primalfetish.com	36
dahlia.sky	16
exxxtrasmall.com	16
madam.violet	38
goddess.madam.violet	38
leotard	41
ballerina	16
leah.gotti	46
amarna.miller	25
brazilian	21
anikka.albrite	23
ellie.idol	40
princess.ellie.idol	26
forced.gay	15
dillion.harper	26
charlotte1996	15
fully.clothed	15
countdown	16
goldie.rush	15
uncensored	24
lacy.channing	25
megan.rain	23
lena.anderson	20
emily.grey	39
kennedy.kressler	17
naveen.ora	25
blaire.ivory	18
tiny	35
360p	35
lady.d	15
fitnessrooms.com	17
fantasy	18
father	15
head.bobbers.and.hand.jobbers	20
alexis.grace	37
prostate	16
german	36
masseuse	33
game	20
baeb.com	16
emily.astrom	15
miss.lilly	15
brainwashing	32
forced.feminization	37
gloryholeswallow.com	17
sissy.trainer	56
shemale.cumshot	20
remy.lacroix	30
frottage	24
babyface	21
veronica.rodriguez	16
marsha.may	16
clothed.sex	18
abs	20
subbyhubby.com	30
jada.stevens	17
henessy	15
amber.rayne	18
ava.taylor	17
x-art.com	62
thin	21
goddessfootdomination.com	21
milking.machine	27
bobbi.starr	15
ebook	24
no.toys	30
mistress.amethyst	19
lelu.love	32
music	15
kimberly.kane	15
riding.crop	20
400p	15
alex.mae	23
high.frame.rate	28
goddess.vikki	17
sex.slave	20
maitresse.madeline	18
torture	19
whip	18
kendra.james	20
sasha.grey	28
magazines	18
bailey.jay	18
cock.hero	40
lorelei.lee	19
footdom	17
ash.hollywood	56
electric.torture	16
mydirtyhobby.com	29
anny.aurora	27
widescreen	15
taylor.sands	20
virtual	17
allie.james	21
erotic.goddess.christina	31
goddess.christina	30
kurt.lockwood	15
lyra.louvel	19
432p	25
gigi.rivera	15
veronica.radke	29
caprice	26
little.caprice	31
dakota.skye	18
anjelica	20
18onlygirls.com	15
ass.to.other.mouth	15
callie.calypso	16
adrienne.adora	27
dani.daniels	34
boobsman	15
miss.lindsey.leigh	20
jess.west	19
yhivi	31
lexi.belle	22
mistress.carol	18
humiliatrix.com	28
mandy.flores	21
sarah.diavola	15
hegre.com	33
jenna.j.ross	21
molly.jane	32
missy.rhodes	33
princess.missy	19
alexandra.snow	23
christina.qccp	18
asa.akira	16
dolly.little	19
mylindseyaddiction.com	20
princess.lindsey.leigh	19
sweetfemdom.com	33
serina	19
kiera.winters	17
lakeview.entertainment	25
gigi.allens	22
viciousfemdom.com	18
daisy.summers	19
jenna.ross	18
mina.thorne	18
daisy.haze	19
michelle.h	15
